iso,country,EPI.new,HLT.new,AIR.new,WMG.new,region,GDP,Secondary_enrollment,Employment_rate,Unemployment,Urban Population
AFG,Afghanistan,33.14,24.66,24.44,56.2,Southern Asia,416.871146273728,59.6136016845703,32.408,13.687,25.7007352636188
ALB,Albania,49.22,48.67,37.37,91.69,Eastern Europe,11374.0085781236,96.1368771236947,57.164,10.689,58.5463634043555
DZA,Algeria,42.74,50.96,54.83,40.0,Greater Middle East,5752.99076651465,101.264892578125,36.363,11.655,75.2792907190618
AGO,Angola,39.46,24.93,19.45,43.89,Sub-Saharan Africa,2720.81900669715,51.4839046246776,64.383,14.02,70.6551379036435
ATG,Antigua & Barbuda,48.04,66.07,68.52,49.5,Latin America & Caribbean,23059.8330702839,108.880778588808,,,24.3906919254799
ARG,Argentina,46.06,66.35,64.89,89.3,Latin America & Caribbean,13969.7836603737,105.574584297051,57.439,7.15,92.2742315972952
ARM,Armenia,43.05,43.63,40.24,0.2,Former Soviet States,8556.21406956719,89.4111027634947,52.485,12.405,65.8113671449901
AUS,Australia,59.4,87.76,88.93,99.78,Global West,64609.9865116088,134.099243164062,64.089,3.942,87.6021469990446
AUT,Austria,66.8,79.0,72.78,99.54,Global West,58268.8787651601,100.504371643066,57.361,5.2,69.4658181096788
AZE,Azerbaijan,39.76,31.79,28.57,67.66,Former Soviet States,7294.64276088105,92.7402972401367,60.292,5.648,58.573795837717
BHS,Bahamas,44.99,68.59,77.81,0.0,Latin America & Caribbean,39455.4466548546,87.1455240465819,67.303,9.049,81.3249262966481
BHR,Bahrain,31.05,50.07,38.78,98.51,Greater Middle East,29717.1424605273,104.392938701638,69.804,1.084,100.0
BGD,Bangladesh,23.46,19.31,11.96,58.45,Southern Asia,2593.41611680774,65.9856598598849,56.762,3.635,32.6783196323307
BRB,Barbados,41.43,69.15,70.4,84.54,Latin America & Caribbean,26897.2002039176,102.513702392578,60.786,6.448,59.5397032429174
BLR,Belarus,47.03,56.77,59.4,99.99,Former Soviet States,8605.60954569694,97.4265999006565,61.069,3.458,79.1551015210848
BEL,Belgium,60.08,84.6,81.7,98.14,Global West,56581.9375642531,142.960266113281,51.429,5.7,87.6126557010527
BLZ,Belize,41.35,37.78,30.71,0.0,Latin America & Caribbean,7681.24400583113,83.619553808705,51.905,8.698,41.7532107338224
BEN,Benin,39.85,25.93,22.37,25.0,Sub-Saharan Africa,1485.38018885134,,75.022,1.637,52.5455354818423
BTN,Bhutan,47.74,27.87,19.56,66.05,Southern Asia,4228.05102403654,86.8564415582911,62.77,3.282,42.5645249803412
BOL,Bolivia,39.25,35.23,24.69,78.99,Latin America & Caribbean,4421.16609889999,91.3676827044767,75.766,3.274,71.2361453773988
BIH,Bosnia & Herzegovina,42.88,38.83,24.61,78.37,Eastern Europe,9397.90942855997,87.8663787841797,43.977,10.69,52.1224302754935
BWA,Botswana,51.77,39.03,33.77,76.32,Sub-Saharan Africa,7649.81663744354,,52.243,23.81,67.4623537838418
BRA,Brazil,48.27,51.31,43.04,79.9,Latin America & Caribbean,10310.5486973693,,59.031,6.801,87.8958549533146
BRN,Brunei Darussalam,37.71,73.79,62.46,100.0,Asia-Pacific,33153.4738913513,91.8381544399811,61.167,5.18,74.8983133873697
BGR,Bulgaria,59.77,46.64,34.97,94.04,Eastern Europe,17596.9167621233,95.6239624023438,53.911,4.2,73.9499356882481
BFA,Burkina Faso,35.24,30.59,28.45,17.0,Sub-Saharan Africa,982.493100418428,30.8551216331757,67.651,3.441,28.3352514896662
BDI,Burundi,24.39,27.29,27.81,12.53,Sub-Saharan Africa,216.231928531758,,77.774,0.915,24.8302838651025
CPV,Cabo Verde,32.75,33.4,31.01,5.1,Sub-Saharan Africa,5170.20531932535,,50.256,11.883,76.7721471004354
KHM,Cambodia,31.21,32.38,26.43,54.0,Asia-Pacific,2627.87969756224,56.7864734981041,82.165,0.254,40.8727033252729
CMR,Cameroon,34.9,18.2,13.61,32.85,Sub-Saharan Africa,1830.00833684727,44.840795775403,63.168,3.603,55.4031748609078
CAN,Canada,57.78,89.06,87.16,100.0,Global West,55015.7066917734,104.320877075195,60.627,6.351,82.7002565766633
CAF,Central African Rep.,31.53,17.6,19.06,5.52,Sub-Saharan Africa,516.160999996036,,68.83,6.253,44.1243555638904
TCD,Chad,27.65,14.57,15.09,19.83,Sub-Saharan Africa,980.668312111718,24.1941648001316,58.968,1.053,26.9315292389497
CHL,Chile,50.95,61.59,47.9,92.68,Latin America & Caribbean,16658.9652720351,105.83097076416,56.864,8.718,88.9950908479196
CHN,China,33.88,40.36,25.59,93.26,Asia-Pacific,13293.1162269366,,61.931,4.59,65.8946980998325
COL,Colombia,48.83,54.41,47.82,84.85,Latin America & Caribbean,7951.08624019412,,57.418,9.619,78.5210811866115
COM,Comoros,33.52,49.84,51.22,34.97,Sub-Saharan Africa,1857.87060684189,,53.275,3.815,33.5392215673301
CRI,Costa Rica,49.28,54.83,46.79,88.85,Latin America & Caribbean,18853.2828705886,125.510070800781,53.686,6.936,79.3107672397967
CIV,Côte d'Ivoire,30.85,23.55,19.06,29.39,Sub-Saharan Africa,2727.8935220697,63.9607557764462,65.583,2.273,53.9733113940142
HRV,Croatia,52.82,57.74,47.85,89.07,Eastern Europe,24049.9441746337,105.025161743164,49.739,5.0,57.5158981711443
CYP,Cyprus,53.34,71.27,66.06,76.26,Eastern Europe,38674.3125,105.159156799316,63.897,4.9,66.6824259192483
CZE,Czechia,62.9,68.65,64.54,100.0,Eastern Europe,31827.7552539413,97.6154174804688,59.048,2.6,72.7947984592185
COD,Dem. Rep. Congo,30.01,24.2,21.26,24.6,Sub-Saharan Africa,692.887665085098,55.4860992431641,61.564,4.421,44.7455804408753
DNK,Denmark,66.57,89.84,87.79,100.0,Global West,71026.4832271897,126.98078918457,61.56,5.358,88.6960552688405
DJI,Djibouti,26.92,28.85,19.59,62.0,Sub-Saharan Africa,3552.72335079222,,23.509,26.007,72.9052635052978
DMA,Dominica,46.06,52.14,44.87,100.0,Latin America & Caribbean,10405.2787777582,102.585807800293,,,73.5449839980866
DOM,Dominican Republic,38.39,32.86,30.63,34.34,Latin America & Caribbean,10875.6618443092,75.4805556926418,61.214,5.312,72.4121874752151
ECU,Ecuador,45.46,41.11,37.54,7.8,Latin America & Caribbean,6826.5294137822,92.8118025876465,62.311,3.453,63.2376932397602
EGY,Egypt,38.48,28.51,27.83,26.5,Greater Middle East,3338.47371043679,84.474862198776,41.556,6.817,42.8004363938404
SLV,El Salvador,29.54,33.65,25.33,72.03,Latin America & Caribbean,5503.10317151907,65.5709865566541,59.899,3.261,75.0674905102199
GNQ,Equatorial Guinea,40.52,29.78,24.87,54.74,Sub-Saharan Africa,7003.58055684906,,55.856,8.293,71.3574028749806
EST,Estonia,74.79,75.88,80.76,100.0,Eastern Europe,31428.3547816104,108.442070007324,60.475,7.6,70.6981161541961
SWZ,Eswatini,34.41,29.37,20.82,55.35,Sub-Saharan Africa,3909.55892378182,,33.464,34.643,26.2498461258639
ETH,Ethiopia,33.88,33.46,32.89,40.0,Sub-Saharan Africa,1133.88279681256,,66.168,3.357,23.6222839355469
FJI,Fiji,35.54,37.76,31.83,90.23,Asia-Pacific,6425.74151715712,98.540177642079,54.152,5.361,59.0766602292457
FIN,Finland,71.04,96.66,96.92,100.0,Global West,53155.5451165897,142.861724853516,54.826,8.4,74.2637190463636
FRA,France,69.82,88.72,84.87,98.21,Global West,46103.0840855884,103.962417602539,51.544,7.4,78.7999750964116
GAB,Gabon,48.84,33.73,27.82,56.0,Sub-Saharan Africa,8230.04311451151,,41.005,20.091,91.8632094677575
GMB,Gambia,30.19,23.87,19.73,0.0,Sub-Saharan Africa,871.340287547821,,44.428,6.48,64.2994103409645
GEO,Georgia,42.67,39.02,28.83,87.88,Former Soviet States,8967.67525638987,103.183588288651,56.908,11.557,61.0789605093733
DEU,Germany,69.93,80.67,74.41,100.0,Global West,56103.7323182554,100.603057861328,58.849,3.4,82.0211432579125
GHA,Ghana,28.6,25.38,14.57,81.82,Sub-Saharan Africa,2419.2518672482,,57.391,2.82,58.3654868038581
GRC,Greece,66.03,75.16,68.9,98.7,Eastern Europe,24626.1481858973,105.191741943359,47.089,10.02,78.9967856500534
GRD,Grenada,35.67,49.57,41.55,98.5,Latin America & Caribbean,11528.9220811928,,,,36.5628000454229
GTM,Guatemala,31.49,28.43,23.01,41.9,Latin America & Caribbean,6150.89465281457,47.3762534803949,58.144,2.613,55.9547027274763
GIN,Guinea,30.37,22.77,21.37,5.0,Sub-Saharan Africa,1694.95375862185,,50.083,5.132,38.0713036688655
GNB,Guinea-Bissau,27.95,18.94,18.0,12.84,Sub-Saharan Africa,998.376093392688,,63.037,2.647,46.113204421822
GUY,Guyana,30.32,35.67,30.48,55.0,Latin America & Caribbean,29675.2501582835,84.4850463867188,48.591,11.874,26.477717988557
HTI,Haiti,31.97,21.76,25.49,0.0,Latin America & Caribbean,2060.35591768638,,54.623,14.609,55.0372652481002
HND,Honduras,37.37,29.79,25.71,22.31,Latin America & Caribbean,3415.96027916712,54.5012702941895,53.815,4.91,58.7850728104829
HUN,Hungary,54.78,50.5,43.25,97.18,Eastern Europe,23305.4482514359,105.419059753418,57.931,4.5,70.491825943218
ISL,Iceland,58.37,93.46,97.04,71.81,Global West,85863.1479330343,108.911361694336,72.448,3.6,94.1819039916522
IND,India,22.46,15.13,7.89,18.4,Southern Asia,2591.9916607122,78.8639591218839,53.317,4.173,35.3788972368389
IDN,Indonesia,26.24,26.69,20.62,50.45,Asia-Pacific,4925.43644992666,96.0002120295081,65.685,3.301,58.7509635387997
IRN,Iran,38.42,44.13,41.59,34.0,Greater Middle East,5190.16959024821,85.1469802856445,37.905,8.146,77.0201263427734
IRQ,Iraq,26.55,33.73,27.77,58.72,Greater Middle East,6073.61032342708,,35.201,15.293,69.8861494108913
IRL,Ireland,62.01,89.23,88.45,98.73,Global West,112894.953240805,,62.218,4.3,64.3470379255585
ISR,Israel,51.69,77.08,67.7,100.0,Greater Middle East,54216.5218142787,99.3012008666992,63.14,3.595,91.536188843818
ITA,Italy,61.56,78.04,68.04,91.44,Global West,40429.6224047352,100.678756713867,46.365,6.5,69.6047535143071
JAM,Jamaica,44.08,39.99,33.91,0.0,Latin America & Caribbean,7753.8119527678,85.4353132628153,67.255,3.151,58.9301585439922
JPN,Japan,63.15,81.54,75.73,95.71,Asia-Pacific,33797.1014287876,101.537071228027,61.717,2.5,92.1901718034531
JOR,Jordan,46.72,57.65,51.23,55.0,Greater Middle East,5073.92103605892,91.9696843781763,33.328,16.693,92.9501393764286
KAZ,Kazakhstan,41.26,45.21,36.26,79.74,Former Soviet States,14154.6324958076,95.2393054334066,67.176,4.833,62.072531584162
KEN,Kenya,36.1,39.85,34.27,68.24,Sub-Saharan Africa,2133.46193404026,84.3083880306996,63.719,5.487,31.8937831721599
KIR,Kiribati,36.26,49.03,54.83,53.07,Asia-Pacific,2550.98377226188,94.7441990494828,,,62.4620431275642
KWT,Kuwait,39.19,54.49,49.53,100.0,Greater Middle East,32855.7209688827,,71.977,2.151,100.0
KGZ,Kyrgyzstan,33.75,31.31,25.46,47.0,Former Soviet States,2514.81066933171,91.2655243671618,55.468,3.491,34.7219977865937
LAO,Laos,21.78,14.32,9.28,0.0,Asia-Pacific,2123.97909415109,54.4330611689851,65.215,1.174,39.5552154401406
LVA,Latvia,55.51,53.99,47.43,99.89,Eastern Europe,23578.9663562625,102.126243591309,56.64,6.9,68.4839492628509
LBN,Lebanon,39.67,47.76,39.94,57.0,Greater Middle East,4473.27134441128,62.8279212477627,,,90.703695784554
LSO,Lesotho,39.01,23.8,19.88,35.44,Sub-Saharan Africa,1023.04227681523,,48.039,16.34,43.6780334209246
LBR,Liberia,25.27,23.91,25.73,0.0,Sub-Saharan Africa,851.497723870206,,74.379,2.914,55.5387986654968
LTU,Lithuania,56.78,58.91,58.28,99.99,Eastern Europe,29603.7772588256,105.428817749023,58.78,6.851,68.8285833315315
LUX,Luxembourg,74.24,92.53,89.07,100.0,Global West,137781.681659123,107.744010925293,57.811,6.4,94.8438702866393
MDG,Madagascar,31.13,34.18,38.8,21.01,Sub-Saharan Africa,550.37875528856,,82.866,3.051,32.4339893339844
MWI,Malawi,33.21,34.28,38.47,4.0,Sub-Saharan Africa,522.365366146003,36.644092994481,59.747,5.051,17.268503531213
MYS,Malaysia,39.52,50.37,49.07,16.94,Asia-Pacific,11874.4273684245,79.4472788704033,63.565,3.846,76.9170296648992
MDV,Maldives,25.06,45.25,48.01,0.0,Southern Asia,13379.3513577224,79.3565296847573,60.501,4.278,41.9982152717385
MLI,Mali,23.56,22.95,20.92,13.96,Sub-Saharan Africa,1093.2523323649,38.9389470920545,65.209,2.924,31.6075621182225
MLT,Malta,59.09,76.02,71.53,96.62,Global West,44023.6341078148,103.027229309082,62.175,3.1,95.6546264490509
MRT,Mauritania,25.34,20.58,14.31,45.3,Sub-Saharan Africa,2104.54260769051,,36.701,10.257,60.6068586411829
MUS,Mauritius,40.86,54.37,50.99,100.0,Sub-Saharan Africa,11990.9355434317,,55.41,5.548,39.0162147027917
MEX,Mexico,46.09,42.4,34.2,76.85,Latin America & Caribbean,13988.0423745241,102.055458068848,59.985,2.678,79.7538805976118
MDA,Moldova,37.98,38.27,34.62,41.2,Former Soviet States,7578.90216348853,97.8896863952854,71.13,1.427,43.516471862793
MNG,Mongolia,34.15,32.67,17.78,79.04,Asia-Pacific,6750.6301157724,96.8181201904352,57.201,5.158,70.9566040039062
MNE,Montenegro,46.38,45.93,29.29,89.35,Eastern Europe,13270.1824401005,93.8724975585938,50.544,13.206,65.5422314706266
MAR,Morocco,33.11,34.29,30.11,63.1,Greater Middle East,4153.1943359375,87.7346312462207,40.111,9.103,62.7998124018197
MOZ,Mozambique,38.78,39.05,44.19,1.5,Sub-Saharan Africa,656.976148587772,,73.529,6.668,36.4332337447237
MMR,Myanmar,28.87,15.71,6.33,44.0,Asia-Pacific,1359.05001560107,,53.537,2.887,30.4499084074136
NAM,Namibia,42.75,32.1,25.0,60.95,Sub-Saharan Africa,4501.84849548225,81.6173009252032,47.593,19.157,50.4088030252155
NPL,Nepal,33.99,23.46,15.28,23.05,Southern Asia,1460.28237984149,89.8898815141438,35.185,10.5,66.772343163029
NLD,Netherlands,70.49,89.84,83.69,100.0,Global West,67465.3208126875,137.514724731445,64.966,3.7,95.6396517079336
NZL,New Zealand,55.45,83.27,86.66,100.0,Global West,49432.3626396797,113.395988464355,67.22,4.724,83.9370658833132
NIC,Nicaragua,41.7,36.16,33.4,0.0,Latin America & Caribbean,2847.87639497305,70.1749572753906,62.745,4.98,59.2628402709961
NER,Niger,31.1,16.61,15.15,4.1,Sub-Saharan Africa,729.856664168989,21.5605140503495,79.262,0.376,18.0497398450803
NGA,Nigeria,32.85,18.25,10.76,32.85,Sub-Saharan Africa,1084.16041805058,46.8931503295898,80.053,3.045,62.9755675573659
MKD,North Macedonia,46.17,41.85,30.21,67.0,Eastern Europe,9291.8566035502,90.0724868774414,45.799,12.265,62.5645376928533
NOR,Norway,69.24,95.89,95.6,99.26,Global West,89888.9535204758,117.775093078613,63.201,4.0,83.3293737928469
OMN,Oman,48.5,55.82,48.94,100.0,Greater Middle East,20285.2272765262,,66.102,3.203,79.4440302814714
PAK,Pakistan,29.03,14.57,7.54,27.19,Southern Asia,1479.47755241191,42.2911451386891,49.435,5.492,39.1734368360905
PLW,Palau,49.47,53.53,55.31,90.8,Asia-Pacific,18169.0767165866,97.286012526096,,,79.2095042878667
PAN,Panama,45.14,47.76,49.79,0.0,Latin America & Caribbean,19161.218843129,,60.715,8.451,65.9958447685488
PNG,Papua New Guinea,28.94,26.39,25.96,12.33,Asia-Pacific,2912.4914068385,52.0929750873194,50.596,2.625,15.4061816403333
PRY,Paraguay,38.95,37.95,27.01,57.95,Latin America & Caribbean,6456.60723068562,79.7518585422984,66.275,5.686,69.8622585886961
PER,Peru,41.01,46.1,37.33,62.94,Latin America & Caribbean,8526.29665719783,111.395393371582,69.023,5.199,85.1912729600355
PHL,Philippines,27.87,23.58,18.32,0.0,Asia-Pacific,3985.29464669706,91.5493424610693,60.05,2.202,55.4520983215477
POL,Poland,61.77,60.0,52.65,99.8,Eastern Europe,25103.565661423,108.386131286621,57.009,2.807,59.9705468695101
PRT,Portugal,62.74,82.06,79.76,96.0,Global West,29328.3067415343,120.347076416016,54.644,6.5,61.3281907341332
QAT,Qatar,45.07,60.86,50.16,100.0,Greater Middle East,75685.0865779973,100.136596679688,87.106,0.13,99.3219891728394
COG,Republic of Congo,38.91,18.33,12.44,26.2,Sub-Saharan Africa,2482.2489948456,,54.349,19.895,63.8866111699904
ROU,Romania,53.94,52.33,44.73,99.61,Eastern Europe,20080.2096215595,81.6316070556641,48.683,5.4,52.1674778928768
RUS,Russia,40.72,56.43,56.13,89.3,Former Soviet States,14961.8974609375,92.4840470838527,60.322,2.43,75.1119136177067
RWA,Rwanda,26.42,27.75,24.1,32.83,Sub-Saharan Africa,1059.93709298801,45.1251505756161,56.323,11.331,29.8849714294083
KNA,Saint Kitts & Nevis,44.58,63.51,64.44,100.0,Latin America & Caribbean,23960.6534357084,137.513208876365,,,31.795061903951
LCA,Saint Lucia,44.52,56.92,50.48,100.0,Latin America & Caribbean,14493.658470648,88.6818771362305,61.271,10.199,29.0973354237452
WSM,Samoa,39.29,44.58,43.26,26.6,Asia-Pacific,5392.87761915762,,40.992,4.855,17.5029115108018
STP,São Tomé & Príncipe,41.03,34.3,29.96,35.25,Sub-Saharan Africa,3502.6176807171,,21.272,9.057,68.8710170184884
SAU,Saudi Arabia,38.74,49.77,46.73,92.27,Greater Middle East,35527.786181866,,62.907,3.518,84.4554020211443
SEN,Senegal,33.34,29.29,25.97,5.1,Sub-Saharan Africa,1738.73223822106,44.0673682244069,50.404,2.788,55.2368169057304
SRB,Serbia,44.94,43.92,28.56,99.34,Eastern Europe,13677.7794863909,,54.879,7.24,62.3830029804177
SYC,Seychelles,50.03,65.85,68.7,84.4,Sub-Saharan Africa,18364.5259678223,74.2514404458298,,,45.2898622460415
SLE,Sierra Leone,29.26,21.62,22.73,15.07,Sub-Saharan Africa,806.654650274255,86.9079513549805,51.922,3.103,45.3626823156371
SGP,Singapore,46.06,74.3,65.91,100.0,Asia-Pacific,94896.5621495988,103.082801906213,67.308,2.737,100.0
SVK,Slovakia,62.37,66.35,63.12,96.7,Eastern Europe,25992.6748502048,92.6436767578125,57.576,5.3,53.1919702985684
SVN,Slovenia,64.95,72.69,62.06,82.37,Eastern Europe,34301.0318686594,107.626876831055,55.809,3.7,55.7577708405917
SLB,Solomon Islands,29.23,26.46,29.12,9.54,Asia-Pacific,1933.55538435227,,83.059,1.444,30.6617188562194
ZAF,South Africa,37.6,31.32,24.21,68.59,Sub-Saharan Africa,6267.186814093,104.133480684239,37.632,32.279,63.6917984858172
KOR,South Korea,52.65,75.64,64.1,94.07,Asia-Pacific,36238.639908315,96.2983932495117,62.67,2.784,81.1682528469686
ESP,Spain,66.28,82.73,76.65,100.0,Global West,35326.7683069278,118.361709594727,51.249,11.4,80.315199821207
LKA,Sri Lanka,39.58,31.93,23.2,22.54,Southern Asia,4545.36006870612,87.9534065332114,46.54,4.239,20.2996997058686
VCT,St. Vincent & the Gren.,46.12,52.85,49.64,100.0,Latin America & Caribbean,11501.2265187188,125.381038491346,55.727,18.093,47.8487050456749
SDN,Sudan,31.31,18.01,11.82,27.06,Greater Middle East,984.607666015625,,,,34.8673015510839
SUR,Suriname,44.54,38.09,35.69,5.0,Latin America & Caribbean,6961.78956060258,76.1109237670898,49.732,7.621,65.7641857200885
SWE,Sweden,69.2,95.89,96.79,96.6,Global West,57222.7100565003,134.244293212891,59.298,8.4,88.8559748346228
CHE,Switzerland,64.06,88.66,85.42,100.0,Global West,107702.065940312,102.965591430664,64.189,4.343,85.4615370020764
TJK,Tajikistan,26.75,17.48,13.97,0.0,Former Soviet States,1362.02559981695,88.4022015902249,35.647,7.041,26.1788063651548
TZA,Tanzania,38.89,36.61,35.47,7.5,Sub-Saharan Africa,1192.60668945313,,82.445,1.557,36.1684458862992
THA,Thailand,43.74,45.05,36.76,34.55,Asia-Pacific,7386.63615126055,93.3356315272258,66.604,0.781,61.8689338391321
TLS,Timor-Leste,41.53,33.42,34.58,0.0,Asia-Pacific,1331.9705130185,,65.746,1.523,28.6641074179574
TGO,Togo,31.3,21.1,20.79,13.84,Sub-Saharan Africa,1266.08777721447,63.4192515229188,56.758,1.948,43.8148491605996
TON,Tonga,33.06,46.71,45.73,41.3,Asia-Pacific,6215.38990974121,91.8606656320055,49.209,1.965,21.1505271125521
TTO,Trinidad & Tobago,45.9,61.19,60.13,100.0,Latin America & Caribbean,18733.4110406494,92.9377899169922,56.223,3.318,53.961056681951
TUN,Tunisia,41.05,45.28,38.63,79.0,Greater Middle East,4187.64079392362,,38.508,15.341,70.3585355691955
TUR,Türkiye,34.32,53.61,48.9,93.48,Eastern Europe,15892.7157287241,118.411979675293,49.43,8.8,89.3443122873887
TKM,Turkmenistan,34.64,43.85,50.42,1.0,Former Soviet States,5904.25772576512,102.546752929688,40.473,4.02,47.0875253910294
UGA,Uganda,34.69,33.14,31.06,40.0,Sub-Saharan Africa,1077.91278438613,,77.781,2.74,31.2777698213557
UKR,Ukraine,51.12,47.63,38.43,90.84,Former Soviet States,5391.62255859375,87.0823822021484,,,69.5315643200148
ARE,United Arab Emirates,50.16,59.24,48.4,100.0,Greater Middle East,50273.5126243239,101.944972436447,76.789,2.16,85.8171088279791
GBR,United Kingdom,71.51,84.39,77.47,97.03,Global West,53341.3131094262,112.120048522949,58.871,4.361,83.2429544416085
USA,United States,58.54,83.58,79.73,100.0,Global West,86169.6641581917,,59.467,4.022,80.1247798047184
URY,Uruguay,36.91,64.51,60.57,94.76,Latin America & Caribbean,24308.4954958447,119.105005958635,59.681,8.209,95.5981951588181
UZB,Uzbekistan,34.79,30.15,18.45,86.06,Former Soviet States,3337.45492058664,97.3839945834102,55.14,4.439,50.9986686706543
VUT,Vanuatu,34.1,33.53,38.96,1.68,Asia-Pacific,3959.87703462363,134.670675170038,55.434,4.988,22.2866933360645
VNM,Viet Nam,23.82,36.71,23.95,68.25,Asia-Pacific,4716.6599379632,,71.963,1.602,38.4900703430176
ZMB,Zambia,37.17,26.53,24.89,6.0,Sub-Saharan Africa,1187.10943350064,,58.251,5.898,45.4703838491279
ZWE,Zimbabwe,46.08,35.94,36.47,42.81,Sub-Saharan Africa,2496.15514995576,,61.335,9.435,39.8933716820696
